id,name,session_id,work_id
0b5253bf-dca2-4d1d-a1ff-381122d85e86,NULL,NULL,4c2f0588-2b57-4e74-a8e7-5113ce208894
c5a6b083-e1ac-4a15-95ae-42132fa8f1b6,NULL,NULL,6ef5033d-853f-45b4-b474-9dccd8b3475e
b43e6427-7958-47e8-a36a-377922023863,NULL,NULL,7400aa73-f340-46c0-aadd-e4087e9da5dc
afc68c9e-b638-4b7c-a840-2d5af1efbffc,NULL,NULL,51bbe63f-3cdc-4eb0-a878-ed00c050995c
f3021383-edbe-4fb8-9413-9a3612e8f8ae,NULL,NULL,b67e1fa3-845b-4eeb-bc79-628217f900c3
a8a0fbc1-4920-4159-9179-7a73f83578cc,NULL,9b8f3310-a3ad-44a5-8b31-a58a654460e4,06e53daf-525a-4dc1-95d8-faf1f5b99509
63914519-c947-49c9-b4fc-35b2aca82ed4,NULL,9b8f3310-a3ad-44a5-8b31-a58a654460e4,44de35b0-b7b9-4c70-91fb-2f8477fd9176
996a32db-3cba-4974-9e83-b7c71373f468,NULL,9b8f3310-a3ad-44a5-8b31-a58a654460e4,bb3f805e-7ffa-405f-963a-c1c1b7eb3d91
cd4f7775-faa2-42e5-9aa9-9c41f9535e1e,NULL,9b8f3310-a3ad-44a5-8b31-a58a654460e4,ea6039c1-1da4-4cea-b113-9e157d5fc38d
bc036641-8818-4e24-9567-c5ed78ad5522,NULL,9b8f3310-a3ad-44a5-8b31-a58a654460e4,f8099974-2371-41a5-b295-49407af5b341
